<Project>
  <Tasks>
    <Task>
      <UID>2</UID>
      <Name>s3</Name>
      <Start>2005-01-03T09:00:00</Start>
      <Finish>2005-01-03T18:00:00</Finish>
      <FixedCostAccrual>3</FixedCostAccrual>
      <RemainingDuration>PT7H0M0S</RemainingDuration>
      <PredecessorLink>
        <PredecessorUID>3</PredecessorUID>
      </PredecessorLink>
    </Task>
    <Task>
      <UID>3</UID>
      <Name>s1</Name>
      <Start>2005-01-02T09:00:00</Start>
      <Finish>2005-01-02T18:00:00</Finish>
      <FixedCostAccrual>3</FixedCostAccrual>
      <RemainingDuration>PT7H0M0S</RemainingDuration>
      <PredecessorLink>
        <PredecessorUID>1</PredecessorUID>
      </PredecessorLink>
    </Task>
    <Task>
      <UID>4</UID>
      <Name>s2</Name>
      <Start>2005-01-03T09:00:00</Start>
      <Finish>2005-01-03T18:00:00</Finish>
      <FixedCostAccrual>3</FixedCostAccrual>
      <RemainingDuration>PT7H0M0S</RemainingDuration>
      <PredecessorLink>
        <PredecessorUID>3</PredecessorUID>
      </PredecessorLink>
    </Task>
    <Task>
      <UID>1</UID>
      <Name>Initial_State_1</Name>
      <Start>2005-01-01T09:00:00</Start>
      <Finish>2005-01-01T18:00:00</Finish>
      <FixedCostAccrual>3</FixedCostAccrual>
      <RemainingDuration>PT7H0M0S</RemainingDuration>
    </Task>
    <Task>
      <UID>5</UID>
      <Name>Final_State_1</Name>
      <Start>2005-01-05T09:00:00</Start>
      <Finish>2005-01-05T18:00:00</Finish>
      <FixedCostAccrual>3</FixedCostAccrual>
      <RemainingDuration>PT7H0M0S</RemainingDuration>
      <PredecessorLink>
        <PredecessorUID>6</PredecessorUID>
      </PredecessorLink>
    </Task>
    <Task>
      <UID>6</UID>
      <Name>s4</Name>
      <Start>2005-01-04T09:00:00</Start>
      <Finish>2005-01-04T18:00:00</Finish>
      <FixedCostAccrual>3</FixedCostAccrual>
      <RemainingDuration>PT7H0M0S</RemainingDuration>
      <PredecessorLink>
        <PredecessorUID>4</PredecessorUID>
      </PredecessorLink>
      <PredecessorLink>
        <PredecessorUID>2</PredecessorUID>
      </PredecessorLink>
    </Task>
  </Tasks>
</Project>