<?xml version = '1.0' encoding = 'ISO-8859-1' ?>
<r2ml:RuleBase xmlns:ex = 'http://www.bookingservice.com/schema' xsi:schemaLocation = 'http://www.rewerse.net/I1/2006/R2ML http://oxygen.informatik.tu-cottbus.de/R2ML/0.4/R2ML.xsd' xmlns:r2ml = 'http://www.rewerse.net/I1/2006/R2ML' xmlns:r2mlv = 'http://www.rewerse.net/I1/2006/R2MLV' xmlns:xsi = 'http://www.w3.org/2001/XMLSchema-instance'>
  <r2ml:ReactionRuleSet r2ml:ruleSetID = 'tns:reservationInterface'>
    <r2ml:ReactionRule r2ml:ruleID = '???' r2ml:groupID = 'tns:checkAvailability'>
      <r2ml:triggeringEvent>
        <r2ml:MessageEventExpression r2ml:eventType = 'ex:CheckAvailability' r2ml:sender = 'to_be_defined'>
          <r2ml:ObjectVariable r2ml:name = '???' r2ml:classID = 'ex:CheckAvailability'/>
        </r2ml:MessageEventExpression>
      </r2ml:triggeringEvent>
      <r2ml:conditions/>
      <r2ml:producedAction>
        <r2ml:MessageEventExpression r2ml:eventType = 'ex:CheckAvailabilityResponse' r2ml:sender = 'http://www.bookingservice.com'>
          <r2ml:DataSlot r2ml:attributeID = 'ex:CheckAvailabilityResponse.yesNoAnswer'>
            <r2ml:value>
              <r2ml:TypedLiteral r2ml:datatypeID = 'xs:string' r2ml:lexicalValue = '???'/>
            </r2ml:value>
          </r2ml:DataSlot>
        </r2ml:MessageEventExpression>
      </r2ml:producedAction>
    </r2ml:ReactionRule>
    <r2ml:ReactionRule r2ml:ruleID = '???' r2ml:groupID = 'tns:checkAvailability'>
      <r2ml:triggeringEvent>
        <r2ml:MessageEventExpression r2ml:eventType = 'ex:CheckAvailability' r2ml:sender = 'to_be_defined'>
          <r2ml:ObjectVariable r2ml:name = '???' r2ml:classID = 'ex:CheckAvailability'/>
        </r2ml:MessageEventExpression>
      </r2ml:triggeringEvent>
      <r2ml:conditions/>
      <r2ml:producedAction>
        <r2ml:MessageEventExpression r2ml:eventType = 'ex:InvalidDataError' r2ml:sender = 'http://www.bookingservice.com'>
          <r2ml:DataSlot r2ml:attributeID = 'ex:InvalidDataError.message'>
            <r2ml:value>
              <r2ml:TypedLiteral r2ml:datatypeID = 'xs:string' r2ml:lexicalValue = '???'/>
            </r2ml:value>
          </r2ml:DataSlot>
        </r2ml:MessageEventExpression>
      </r2ml:producedAction>
    </r2ml:ReactionRule>
  </r2ml:ReactionRuleSet>
  <r2mlv:Vocabulary>
    <r2mlv:MessageType r2mlv:ID = 'ex:CheckAvailability'>
      <r2mlv:Attribute r2mlv:ID = 'ex:CheckAvailability.checkInDate'>
        <r2mlv:range>
          <r2mlv:Datatype r2mlv:ID = 'xs:dateTime'/>
        </r2mlv:range>
      </r2mlv:Attribute>
      <r2mlv:Attribute r2mlv:ID = 'ex:CheckAvailability.checkOutDate'>
        <r2mlv:range>
          <r2mlv:Datatype r2mlv:ID = 'xs:dateTime'/>
        </r2mlv:range>
      </r2mlv:Attribute>
      <r2mlv:Attribute r2mlv:ID = 'ex:CheckAvailability.roomType'>
        <r2mlv:range>
          <r2mlv:Datatype r2mlv:ID = 'xs:string'/>
        </r2mlv:range>
      </r2mlv:Attribute>
      <r2mlv:ReferenceProperty r2mlv:ID = 'ex:Customer'>
        <r2mlv:range>
          <r2mlv:Class r2mlv:ID = 'ex:Customer'/>
        </r2mlv:range>
      </r2mlv:ReferenceProperty>
    </r2mlv:MessageType>
    <r2mlv:Class r2mlv:ID = 'ex:Customer'>
      <r2mlv:Attribute r2mlv:ID = 'ex:Customer.custNo'>
        <r2mlv:range>
          <r2mlv:Datatype r2mlv:ID = 'xs:decimal'/>
        </r2mlv:range>
      </r2mlv:Attribute>
    </r2mlv:Class>
    <r2mlv:MessageType r2mlv:ID = 'ex:CheckAvailabilityResponse'>
      <r2mlv:Attribute r2mlv:ID = 'ex:CheckAvailabilityResponse.yesNoAnswer'>
        <r2mlv:range>
          <r2mlv:Datatype r2mlv:ID = 'xs:string'/>
        </r2mlv:range>
      </r2mlv:Attribute>
    </r2mlv:MessageType>
    <r2mlv:FaultMessageType r2mlv:ID = 'ex:InvalidDataError'>
      <r2mlv:Attribute r2mlv:ID = 'ex:InvalidDataError.message'>
        <r2mlv:range>
          <r2mlv:Datatype r2mlv:ID = 'xs:string'/>
        </r2mlv:range>
      </r2mlv:Attribute>
    </r2mlv:FaultMessageType>
  </r2mlv:Vocabulary>
</r2ml:RuleBase>
